File_Hash,Predicted Label
00accd017be3b6376c72c90cbaee1daa5209059005031492f0c275f3c6f3684e,M
0a13ed78effd1eede88b149cc50a65828a9b19dc1c8bfe42fe66b21a63d813fa,M
1211346f8aaca813508a2c134ee0bfc19d72bfd2fa455a1ab2b4a7ee02a19568,M
36cc4d0daf312717686769e56d02b6e58af61f94e28c962aa8a1163b2f41c4b6,M
4749d07372954607af7e03b830cfa543b11d43946d665331276604d26a8d8a2c,B
90772ffbd46b41e93992cae7756cfe2b176fe16a74f268b85c9f3b41bdefdabf,B
a4b1a014c02a2fd31206aee47145462fd1b198e8bdb4ba85ebcba91b8d893068,B
a5ed9d1efd8d56351b20468844562e1004658c40d6b3c1c021752cfa4599e1b2,B
d9afe3f21d28ee4ba2c947ff02eb5a87eb0c7a7ce45964b56cee527a714f18cc,B
de21d9c8268e81b36d5819c1ea8008f106055e475efbdc544f37ec5feedc3d3c,M
e7587a63052d484add3afbe66dfcedcd3e06589e864850b5317b4d03a48f9529,B
ff50509f8ab28d5b7ea8141a4f817ee12988f84126abdd5c325da8649f34ac9b,M
